Nr.1,Nr.2,Nr.3,Nr.4,Nr.5,Nr.6
38,17,47,25,30,37
6,7,30,17,2,42
44,20,17,3,38,45
42,30,36,5,4,6
5,14,7,49,35,19
42,28,41,15,22,38
18,4,16,35,2,17
44,48,34,37,4,41
13,7,6,45,29,25
8,22,43,14,34,15
14,17,47,19,36,12
48,20,6,43,4,35
37,36,17,35,15,8
12,33,41,7,34,43
49,15,46,25,12,32
7,20,27,46,2,33
39,5,6,19,20,2
14,47,40,26,24,36
45,10,18,43,35,11
38,29,49,47,8,3
16,42,33,4,38,7
22,39,35,29,44,46
34,9,10,19,2,47
11,8,25,13,3,38
38,49,36,20,19,5
49,42,11,45,9,23
23,46,1,35,2,22
10,41,29,25,18,8
19,7,16,18,6,49
15,44,32,21,49,10
29,32,38,24,11,15
10,18,23,40,35,33
37,10,44,27,47,48
34,7,49,14,47,44
43,49,4,36,24,26
46,27,6,31,2,11
27,14,3,43,22,42
47,38,36,19,5,35
41,4,39,13,24,33
18,29,17,48,47,34
33,29,31,23,41,6
29,17,11,14,28,39
35,16,8,47,46,36
36,21,5,47,40,33
25,31,46,39,1,22
20,45,32,23,18,19
29,27,44,43,30,46
28,26,48,37,44,1
1,15,9,45,44,14
41,7,48,3,11,16
5,8,48,2,28,25
49,39,9,42,37,13
10,7,45,2,8,20
48,38,15,45,12,42
4,33,17,45,13,39
16,11,12,14,15,38
28,45,2,7,19,43
25,23,41,40,27,34
18,44,1,43,40,9
3,31,1,28,15,12
38,13,31,28,19,23
49,31,10,43,37,12
25,18,42,36,43,12
20,44,18,48,19,28
41,8,37,22,6,5
41,36,18,23,27,10
38,12,1,2,44,41
1,31,16,4,33,18
23,5,42,18,15,12
12,49,23,18,5,28
39,46,35,43,17,16
36,37,24,48,10,5
13,25,16,14,49,37
4,35,39,22,11,46
19,5,24,9,36,40
3,22,13,5,35,6
16,30,11,4,19,46
34,28,48,32,4,20
30,46,39,19,35,48
36,4,12,20,7,39
32,14,44,34,21,24
29,43,24,8,17,18
13,33,16,1,30,36
42,35,5,26,37,25
36,15,43,19,16,32
38,34,9,24,25,36
20,30,48,29,16,36
43,47,34,4,8,48
45,28,43,40,32,29
31,26,16,10,23,43
27,31,24,40,7,19
32,25,21,6,27,14
16,9,46,41,1,37
24,33,25,44,42,28
28,2,30,16,29,10
45,40,16,6,32,38
28,35,41,34,20,25
10,17,28,32,27,35
22,6,19,3,31,15
31,7,9,40,26,14
13,6,21,41,19,15
45,28,2,34,26,7
39,3,26,38,11,20
28,2,43,47,12,19
8,42,17,12,32,43
10,12,36,42,18,1
21,18,15,35,11,7
21,1,9,16,37,42
18,45,17,23,9,39
39,46,40,41,9,23
41,7,36,33,6,14
5,14,10,9,3,15
28,14,24,20,37,33
4,32,2,20,7,35
12,14,27,5,19,42
7,38,43,18,5,12
11,19,46,20,12,29
30,16,5,22,15,21
37,47,14,6,38,45
19,10,45,17,47,23
28,48,21,35,16,33
45,18,12,25,9,22
22,32,13,46,5,10
40,34,7,46,41,27
27,17,40,48,30,44
25,38,3,9,46,47
21,38,36,31,15,11
5,25,42,46,26,15
25,10,18,8,31,44
4,14,13,32,35,19
11,16,22,35,20,23
14,38,34,49,37,42
10,29,21,19,31,26
44,23,49,43,15,16
1,35,27,9,14,36
49,40,23,16,26,24
15,22,19,2,29,31
33,14,41,2,46,21
41,8,9,12,2,44
27,6,9,13,43,18
36,10,37,16,23,46
39,32,25,17,9,42
8,40,48,15,17,14
14,46,16,49,17,1
29,28,1,5,48,47
44,1,25,20,46,34
36,13,19,15,11,3
20,39,30,1,32,2
20,5,1,8,36,7
18,4,3,37,35,25
28,4,8,29,32,20
36,13,47,27,44,7
27,23,31,34,17,25
7,2,43,42,13,5
40,20,17,39,34,9
16,48,49,45,34,15
34,22,24,12,10,37
23,32,46,6,27,14
3,15,13,35,36,5
21,45,5,7,37,48
47,20,3,16,33,35
31,15,38,46,23,10
35,48,49,23,14,29
26,25,23,5,13,35
2,24,20,18,10,29
9,43,42,33,12,23
24,27,23,33,18,29
17,11,1,20,13,23
7,48,43,4,17,45
18,17,28,8,20,5
39,18,33,15,20,23
42,36,6,10,17,16
29,27,37,38,1,12
12,9,23,46,19,37
5,13,33,37,16,22
5,11,28,18,39,27
5,49,22,8,24,16
1,41,6,25,31,14
25,3,8,24,2,27
1,13,45,20,21,12
43,33,42,46,17,7
31,45,16,29,32,28
20,26,42,36,49,9
14,15,11,46,41,16
19,23,32,18,36,15
26,37,30,27,23,39
45,17,14,29,39,27
46,43,9,40,4,34
38,35,48,9,34,37
23,16,17,9,15,26
33,32,9,1,42,3
14,28,10,24,2,11
4,44,20,10,7,11
24,42,2,30,26,28
2,48,9,34,42,8
46,37,3,43,34,30
46,13,48,29,39,3
38,49,22,34,46,14
19,46,13,9,15,14
40,21,47,2,31,45
20,26,43,17,41,38
43,17,22,20,34,23
25,19,12,45,49,5
48,1,43,32,26,24
41,42,13,4,3,49
26,10,4,36,25,46
30,1,46,28,48,45
30,3,37,5,20,2
31,22,29,13,15,21
38,6,34,35,15,46
30,1,42,3,18,49
4,16,39,29,45,11
27,42,31,6,9,21
24,12,46,6,26,27
17,23,5,35,34,24
27,32,20,28,29,12
16,33,21,8,23,43
26,46,1,27,30,13
23,10,48,44,19,18
42,2,4,21,1,29
5,33,36,31,39,46
24,35,23,7,15,38
17,34,11,2,45,30
33,14,49,46,36,45
49,35,33,24,36,43
4,48,27,26,30,44
39,13,23,4,8,29
8,7,18,25,41,12
47,11,25,15,40,7
9,26,43,5,7,24
22,1,45,34,15,26
33,22,49,31,35,10
43,40,48,5,11,29
21,44,13,5,9,41
20,8,43,46,48,26
11,33,46,15,4,44
44,32,45,21,31,37
33,43,5,29,47,21
16,5,17,13,4,28
48,30,15,22,5,35
21,43,17,14,12,11
16,22,13,20,6,1
9,18,11,49,21,29
28,5,8,17,13,24
39,29,15,33,23,7
47,29,36,42,25,20
34,25,3,43,33,6
15,23,21,29,44,6
49,18,30,10,22,27
15,27,35,17,7,44
22,44,42,10,14,49
20,3,9,39,24,11
18,3,26,16,13,5
40,45,24,33,13,9
13,18,32,38,46,26
22,13,42,36,26,38
31,43,44,13,32,16
6,19,36,25,2,32
7,48,17,26,10,15
13,34,39,28,15,37
12,37,4,30,46,36
30,22,19,34,32,15
25,16,27,33,26,22
28,8,43,31,18,24
19,36,48,23,41,29
13,12,18,38,25,33
11,36,41,38,43,18
12,45,25,18,30,21
37,10,35,41,20,43
23,28,36,3,2,38
37,43,38,36,40,20
35,17,48,45,36,1
38,40,43,33,32,29
10,15,3,43,37,28
13,26,45,2,11,31
48,24,29,23,7,32
47,9,41,2,30,10
30,17,49,27,3,5
11,31,35,18,7,22
17,26,1,29,6,10
49,29,45,31,39,26
8,42,6,47,2,20
3,24,27,29,26,23
24,2,13,30,26,27
36,33,26,3,10,14
26,33,38,30,3,23
44,20,25,16,31,24
23,17,9,44,11,31
49,26,24,19,11,15
18,6,32,30,24,40
49,27,26,41,16,31
12,13,15,38,43,34
24,8,10,13,28,44
14,20,24,9,4,39
16,20,39,49,28,22
48,25,2,22,31,43
21,34,18,32,35,10
30,27,9,40,44,7
49,16,6,43,36,9
14,23,22,30,6,15
12,46,49,47,35,45
46,17,8,26,15,23
33,37,19,47,22,26
49,46,26,12,22,39
13,19,33,42,3,28
18,24,17,46,41,12
45,48,33,5,9,15
35,47,6,20,5,45
27,38,34,11,5,47
36,40,8,33,5,49
25,47,43,6,18,20
6,23,2,43,13,40
31,10,39,11,35,29
18,38,41,33,6,7
39,38,26,24,18,16
31,37,32,38,22,13
12,32,4,30,41,33
13,8,15,2,1,37
33,29,39,17,41,13
16,7,22,13,1,6
46,41,17,6,29,2
14,4,13,34,12,40
8,12,42,6,20,29
2,47,23,48,33,8
23,44,6,5,45,11
23,12,36,38,41,17
8,48,28,23,7,17
36,49,16,2,47,19
23,37,42,47,21,48
30,11,23,1,6,43
5,10,25,18,35,27
3,31,22,35,40,18
43,34,7,30,28,3
3,20,45,42,11,31
19,30,33,31,1,41
30,37,33,34,29,16
5,4,27,3,41,37
25,28,39,40,17,37
12,6,46,37,47,17
49,23,13,10,8,38
45,7,36,24,21,25
48,9,32,20,17,6
4,3,13,31,34,49
29,43,36,4,30,47
11,16,27,3,45,4
11,40,47,22,9,48
4,23,20,2,14,43
45,23,16,35,24,1
12,18,29,49,9,11
35,47,26,16,18,48
34,35,25,2,8,10
1,36,38,29,15,21
33,22,3,2,34,11
17,29,14,46,11,23
4,12,47,26,11,17
20,18,10,38,22,41
15,33,23,9,47,24
30,25,1,5,18,9
13,4,11,8,9,27
15,14,36,21,11,9
44,9,7,34,33,29
23,32,37,27,46,39
37,20,21,32,6,44
3,46,26,36,17,10
46,36,47,6,25,38
31,47,29,40,7,5
17,36,45,47,19,10
27,21,31,4,19,35
13,16,34,15,17,9
16,46,18,15,25,31
18,47,45,20,9,39
30,7,2,32,49,12
40,14,13,26,19,32
7,11,20,10,32,21
14,24,39,21,36,43
39,15,20,16,21,19
34,6,32,29,4,19
32,4,1,40,38,25
8,38,27,16,19,40
42,7,14,15,21,12
22,36,2,41,1,9
9,26,7,39,18,15
43,32,30,16,48,15
43,44,36,23,34,21
5,6,9,44,8,34
6,36,14,18,19,21
46,38,12,41,30,10
34,17,44,13,47,12
24,33,3,37,26,32
3,41,47,14,23,8
19,47,28,38,29,9
10,3,9,39,12,14
19,22,16,17,42,33
12,24,28,44,17,39
43,44,48,3,46,41
49,17,41,13,27,8
18,42,8,23,21,22
1,42,36,29,25,30
30,40,42,22,19,13
12,2,47,23,34,32
30,43,22,13,49,32
45,26,47,22,18,17
34,41,33,47,23,35
27,16,10,21,22,38
2,1,13,42,25,3
6,8,40,41,43,9
26,23,29,41,15,39
28,33,18,16,45,9
35,47,40,37,15,39
18,15,33,41,49,46
31,45,44,27,20,42
44,45,29,1,37,21
41,18,33,39,35,28
4,23,32,10,30,13
2,37,1,33,40,23
16,21,23,25,15,3
39,22,49,33,40,30
43,25,16,30,32,27
46,4,24,22,2,40
23,34,48,42,33,19
29,40,8,2,22,1
14,18,29,47,28,6
26,39,6,25,14,16
10,31,33,43,45,41
24,29,35,5,43,30
13,49,47,15,5,35
4,30,39,14,20,42
43,32,39,42,36,14
22,36,47,34,16,3
32,6,17,36,30,27
38,49,48,32,26,24
11,27,41,14,7,22
5,34,47,45,9,1
44,10,21,37,36,24
24,47,32,33,44,22
47,13,4,44,39,29
14,48,5,9,11,34
22,21,25,2,1,49
38,3,6,12,43,40
7,35,48,47,40,17
44,45,36,32,33,28
1,42,7,4,9,10
47,19,38,1,48,21
2,27,19,6,10,30
31,25,29,10,20,24
33,45,22,39,14,27
41,47,12,5,31,18
34,27,33,48,41,49
6,36,1,18,34,33
29,5,21,6,10,38
41,5,28,39,47,9
1,20,36,11,3,28
29,21,14,32,46,23
6,48,9,12,36,10
44,28,47,15,7,38
19,18,28,8,22,31
4,16,37,20,1,43
31,48,45,47,6,17
36,15,14,8,38,12
33,7,43,29,13,37
21,14,3,44,4,24
27,35,7,20,6,24
48,38,25,6,37,22
15,30,44,17,5,48
38,15,44,13,11,41
27,46,11,17,49,21
24,22,9,47,8,38
6,44,27,29,24,47
27,24,7,17,34,4
30,24,32,37,16,3
8,2,5,14,10,25
15,32,11,38,18,41
6,47,44,11,22,8
8,42,32,41,16,3
38,8,23,24,27,1
45,2,30,24,23,28
38,36,16,26,18,41
35,26,49,45,40,22
31,6,37,18,10,16
7,26,47,48,24,33
12,19,23,37,42,14
9,18,46,6,10,28
20,38,15,33,30,8
33,28,13,31,45,18
43,14,19,31,15,18
29,31,46,3,2,21
29,28,7,12,43,40
39,12,5,19,41,38
2,38,23,48,8,12
26,45,13,39,35,11
10,48,32,47,13,44
8,13,14,9,22,21
15,2,8,9,44,36
2,20,29,47,4,12
29,33,16,14,1,48
14,30,13,38,39,9
17,41,44,34,30,24
14,37,46,38,27,10
12,15,18,33,45,40
36,25,20,12,48,43
45,15,20,22,41,25
5,4,24,34,9,8
33,30,2,23,32,17
48,1,14,17,12,44
14,49,47,6,24,39
30,23,15,9,5,48
7,5,4,40,48,28
29,24,40,38,17,33
47,2,5,1,45,15
36,9,4,41,28,13
46,14,16,2,22,19
46,49,1,17,42,23
27,42,3,13,46,38
43,28,9,24,2,18
16,13,24,43,26,4
14,48,20,37,38,5
6,40,46,45,30,29
40,18,46,22,41,45
18,2,3,33,27,21
19,17,27,3,31,15
4,32,9,29,11,10
12,45,42,27,23,20
27,42,44,24,41,2
36,17,8,37,44,20
3,2,35,45,37,31
32,36,28,11,24,25
34,12,11,26,42,13
6,20,9,10,49,43
14,42,37,40,31,6
5,33,3,48,6,15
38,6,31,33,8,7
12,7,32,10,13,22
23,10,13,17,30,20
40,47,27,34,16,8
26,21,41,36,44,12
34,3,39,4,27,37
17,10,46,11,13,19
38,45,5,15,24,1
28,9,24,17,5,12
35,12,42,44,14,40
13,15,6,29,3,11
31,39,32,6,49,46
11,9,6,32,41,38
33,8,43,24,7,36
24,44,27,5,41,6
23,19,36,21,37,38
30,1,7,20,28,29
10,23,37,12,14,9
3,49,48,27,28,2
37,13,32,31,49,29
36,4,12,17,8,5
18,17,36,5,11,23
32,3,46,36,27,13
30,26,44,5,14,8
27,49,32,6,48,25
9,44,19,37,25,2
43,13,32,31,22,1
20,9,12,41,27,42
40,32,23,30,49,1
16,28,4,26,1,34
48,20,49,2,3,19
27,43,42,1,3,28
8,36,37,11,29,48
42,29,6,13,44,22
28,10,46,40,25,24
44,14,10,3,22,16
17,19,44,23,26,16
29,7,46,12,6,11
31,37,17,49,29,43
33,29,40,21,16,11
4,30,2,49,34,32
30,45,24,26,36,19
15,11,23,22,26,12
29,14,43,7,36,4
28,16,15,26,44,36
4,35,34,1,30,9
11,6,17,3,49,31
30,19,48,42,17,13
29,12,21,46,33,5
3,34,5,39,21,16
29,20,26,25,24,48
41,46,36,14,17,21
46,21,39,2,24,30
12,47,33,4,41,3
13,24,15,36,10,32
19,47,22,20,30,48
37,3,17,32,31,26
14,16,18,7,35,38
14,29,24,15,3,22
9,14,34,44,37,8
36,4,27,1,39,43
35,33,32,47,11,29
3,44,33,12,26,43
45,15,47,41,28,7
48,14,41,20,24,17
48,17,39,43,10,29
21,31,34,32,47,4
42,11,17,44,22,3
4,20,45,30,38,19
14,49,26,31,36,38
44,30,23,39,29,34
41,15,44,3,23,40
39,2,48,12,20,37
12,26,1,35,2,19
45,26,8,1,19,42
17,40,28,8,1,29
15,48,12,13,10,11
34,32,1,16,37,5
9,28,23,21,16,27
23,12,14,31,16,1
13,27,34,29,15,24
2,28,1,41,20,42
12,29,6,11,40,36
45,1,11,3,27,48
11,46,7,26,8,27
36,2,37,44,41,22
36,15,43,7,38,41
16,29,28,33,6,24
43,13,29,30,23,18
24,44,41,5,49,2
35,17,18,44,26,39
24,42,13,44,2,9
35,49,33,8,3,20
14,29,41,13,46,25
20,10,4,49,22,7
15,36,37,1,47,17
15,41,35,17,7,20
49,14,33,1,42,34
13,24,43,28,22,29
3,37,34,41,43,9
12,25,49,18,11,6
25,23,15,48,37,36
35,43,20,18,39,25
36,1,31,33,43,46
43,25,49,32,18,33
34,12,43,31,5,15
31,42,46,30,14,44
30,35,3,42,6,46
15,27,19,18,11,16
7,29,3,16,21,34
34,49,18,17,41,45
27,39,10,34,19,28
18,43,30,39,31,20
37,48,28,45,11,46
8,28,41,48,26,44
12,4,45,3,43,25
34,48,29,36,13,1
2,30,29,6,23,45
27,10,19,42,46,12
20,35,13,10,41,31
4,13,2,8,24,11
44,45,10,35,39,28
39,40,41,38,30,5
34,13,32,41,18,26
1,25,36,22,10,11
5,26,21,28,48,33
40,47,8,6,29,37
26,33,23,32,18,13
2,45,20,48,21,12
44,36,2,21,9,13
16,26,31,40,37,33
20,6,22,48,23,19
20,34,1,13,30,38
4,23,21,32,3,37
29,13,36,22,16,47
13,19,49,33,39,16
24,34,16,18,41,2
35,8,46,41,5,37
1,35,47,20,25,46
20,29,34,4,27,9
25,47,42,43,29,5
15,41,22,38,18,20
3,41,35,26,34,21
17,40,28,29,1,19
2,4,3,12,29,20
39,11,48,26,33,30
46,19,16,48,12,3
46,29,8,15,36,10
31,41,37,10,46,25
39,43,21,9,7,22
27,30,47,20,48,10
49,8,26,37,2,36
28,6,33,8,42,20
13,7,1,5,11,27
5,38,35,48,32,15
5,24,13,28,42,14
15,41,29,45,17,22
41,35,13,1,20,12
5,21,18,45,30,42
42,44,17,9,23,7
44,49,43,19,10,21
10,38,40,45,26,44
35,28,6,12,15,27
6,49,16,36,35,17
31,28,36,48,15,39
41,12,22,11,30,44
16,1,44,26,4,19
36,26,42,1,30,18
17,13,21,40,25,42
16,44,5,39,14,15
48,22,18,20,34,3
25,10,26,30,5,48
28,18,11,24,31,39
29,39,15,14,23,9
8,41,46,12,4,17
36,41,44,46,48,10
24,47,46,30,9,23
43,19,13,46,38,42
44,4,38,28,37,35
42,43,18,47,46,44
46,34,45,3,19,30
46,35,42,1,2,34
45,43,44,9,11,31
1,25,22,34,11,24
34,25,41,43,9,5
45,40,28,25,46,32
25,41,39,42,20,23
2,42,31,17,48,12
30,43,32,24,17,33
27,42,21,43,11,16
47,10,15,12,44,23
28,48,12,41,3,42
26,2,47,48,5,18
33,28,21,46,19,10
15,31,40,21,33,8
4,23,6,26,9,25
14,38,46,45,15,20
16,10,41,29,40,24
4,15,42,14,12,40
26,7,48,12,24,11
33,35,23,12,19,25
29,40,45,26,4,46
36,6,47,24,20,2
29,7,34,45,13,28
25,9,27,47,2,12
11,27,35,48,42,31
32,47,42,29,26,9
9,35,39,12,46,18
21,45,29,15,26,27
27,13,16,35,45,11
23,1,30,6,20,46
42,45,43,5,31,46
5,19,25,47,45,38
16,17,5,11,26,39
20,10,38,24,5,19
19,11,36,35,43,30
35,4,30,26,47,3
45,19,16,33,38,26
28,30,9,22,41,4
4,9,3,49,39,19
22,10,31,6,23,8
17,8,32,25,6,33
32,26,5,34,19,3
35,36,25,32,10,48
41,6,17,21,12,35
5,19,2,18,7,20
13,12,3,31,2,37
7,9,43,47,42,31
9,20,33,38,41,4
8,9,48,5,18,46
7,9,37,35,8,46
35,46,34,47,41,37
3,22,21,15,10,41
38,4,26,12,20,13
27,18,2,1,39,45
5,21,34,14,11,35
38,22,14,37,19,23
16,17,24,21,48,32
13,25,8,21,37,44
1,48,24,4,33,3
34,13,33,29,7,49
18,34,32,40,49,46
6,8,37,27,39,5
10,22,2,33,45,11
12,30,36,14,4,45
5,27,6,8,30,48
36,14,4,13,1,29
41,22,13,34,3,27
49,34,7,8,33,16
36,39,22,7,8,28
37,43,41,11,20,7
14,29,39,5,4,23
44,21,7,1,41,34
33,6,25,5,31,49
15,23,9,5,25,28
3,9,20,39,15,46
41,18,11,34,30,21
48,20,26,24,1,9
2,38,29,7,48,26
14,47,21,27,39,45
44,17,7,35,38,16
37,15,22,8,36,2
32,22,3,35,29,17
38,28,1,2,36,42
27,48,19,2,39,25
25,38,34,6,4,15
38,28,13,14,6,33
11,24,46,30,38,19
3,6,27,20,29,48
12,28,36,24,38,22
15,44,19,7,37,30
3,10,24,48,13,47
25,21,46,26,28,11
31,10,16,33,38,8
9,45,10,35,43,13
44,39,18,2,41,22
3,19,39,37,6,4
25,4,6,20,22,44
42,26,44,9,32,5
49,27,42,13,21,15
40,6,3,28,2,42
36,28,41,27,24,43
43,13,38,17,28,31
30,13,46,38,8,33
49,25,17,36,6,21
11,20,45,7,26,4
2,7,39,36,9,33
44,7,5,47,23,36
36,6,42,4,8,5
16,5,18,11,4,9
36,46,39,43,41,25
28,46,45,48,30,19
32,15,3,14,39,43
2,48,30,44,26,18
40,19,5,30,3,32
43,1,33,44,34,31
27,22,1,14,28,17
41,43,16,6,22,48
22,13,6,41,17,43
3,46,5,2,1,22
25,28,48,19,30,10
45,32,1,7,23,44
39,14,31,38,12,21
10,48,9,3,27,22
32,27,33,24,22,12
37,26,15,49,6,10
10,9,22,23,25,16
12,30,39,31,7,46
1,47,33,35,14,8
7,35,25,37,31,15
41,19,40,39,5,4
36,15,8,23,13,43
6,38,45,27,15,33
43,41,37,13,29,47
25,37,5,27,17,19
4,34,49,23,40,48
41,26,38,14,13,32
32,43,4,46,12,35
13,1,10,12,19,2
4,6,13,41,2,44
4,30,35,10,1,25
9,41,37,36,39,49
4,12,18,14,22,37
47,4,28,39,43,16
34,42,8,16,13,15
27,22,35,10,48,23
46,35,40,27,7,24
21,17,45,46,18,1
7,9,47,40,31,17
37,12,38,14,23,22
22,25,27,5,1,23
27,13,34,36,25,48
7,33,45,3,11,18
37,9,35,1,42,29
14,24,33,44,5,16
47,13,28,41,32,27
7,43,27,13,17,42
34,9,28,11,31,21
24,37,19,16,32,17
6,9,40,27,24,17
13,26,5,20,47,43
17,6,5,49,21,31
8,5,20,23,16,25
46,7,12,33,15,26
6,45,17,34,33,27
2,26,5,20,12,37
21,2,24,41,1,12
29,45,25,7,2,44
19,7,1,23,44,22
4,6,8,45,48,39
15,25,7,19,9,47
27,15,34,36,7,25
45,32,36,9,48,31
49,34,33,10,48,43
46,12,36,37,35,13
14,42,37,41,47,49
44,22,8,29,1,36
40,3,13,18,16,30
19,15,43,34,26,22
14,37,48,44,11,22
23,7,15,31,43,28
2,17,1,28,21,44
37,9,5,24,12,21
48,23,19,4,29,24
47,46,3,4,33,8
13,16,24,22,25,4
34,30,49,1,15,44
32,34,7,22,37,31
13,33,16,25,1,9
20,7,1,33,19,43
46,28,17,44,20,22
3,14,10,47,2,26
42,36,15,48,35,32
20,44,45,12,19,9
44,49,47,30,12,13
11,46,10,33,5,6
36,1,34,35,27,38
12,40,30,29,9,5
6,43,11,10,7,13
12,41,31,23,48,44
26,49,34,1,12,14
10,42,43,34,45,36
29,33,6,4,42,12
14,44,40,30,22,5
23,42,49,1,41,3
10,3,31,47,28,38
14,31,16,24,1,27
49,41,3,26,7,31
14,42,37,4,33,20
40,48,34,19,21,44
38,14,23,34,17,42
43,8,32,2,1,27
6,24,20,9,38,36
28,21,12,7,23,11
15,38,45,9,29,28
25,39,37,20,38,3
49,35,44,26,7,18
13,12,33,29,5,17
5,47,41,13,12,6
10,27,37,30,16,13
15,31,30,39,7,25
2,18,1,42,17,7
40,48,4,12,30,7
38,2,5,25,27,11
39,26,38,5,36,6
1,26,12,23,44,35
13,43,6,20,3,23
29,31,37,36,16,41
31,45,8,18,38,19
6,19,40,49,45,30
5,27,43,22,20,13
46,18,33,40,7,24
19,1,22,38,18,39
20,22,32,36,33,5
5,8,45,11,22,9
19,23,12,17,4,16
29,11,15,7,5,9
32,39,38,36,27,35
11,43,2,28,48,42
32,4,3,45,36,43
4,39,23,1,5,47
39,7,21,31,4,9
25,32,48,31,47,39
13,33,37,36,34,21
33,42,43,45,1,37
15,41,21,33,49,34
25,19,24,13,14,41
8,33,36,34,9,5
42,29,37,5,43,20
38,7,17,13,25,24
14,6,13,46,37,9
41,18,47,29,45,21
18,12,7,46,4,33
45,7,9,34,25,11
36,37,17,4,12,26
29,9,5,30,27,34
12,35,29,19,1,23
31,15,4,35,18,24
47,46,34,22,26,6
37,33,29,23,14,30
31,20,39,22,13,18
33,21,24,1,28,5
9,40,18,42,16,32
8,19,46,31,15,11
8,33,24,29,7,48
9,7,26,44,39,35
7,48,40,37,19,38
20,9,48,14,12,35
39,48,1,20,23,21
18,35,6,36,3,48
29,34,24,6,14,1
28,40,27,29,30,9
29,34,3,4,5,27
1,31,27,17,4,32
27,32,18,2,24,28
4,9,37,8,35,12
45,33,24,25,29,23
23,45,2,30,37,13
16,4,17,38,46,36
36,34,5,9,6,3
40,8,39,26,15,7
12,7,40,23,4,10
27,18,40,35,32,26
11,35,4,39,40,38
18,16,20,5,38,15
39,2,1,41,11,25
28,48,33,9,12,14
23,20,13,3,9,32
48,49,14,35,39,28
1,9,7,18,2,29
13,34,2,6,11,49
10,19,32,39,35,13
4,18,8,22,15,48
34,43,32,39,17,6
13,5,41,23,16,48
41,20,2,46,17,10
40,21,3,45,49,41
49,38,32,36,10,22
42,15,10,16,44,14
44,48,19,42,49,28
41,39,8,18,1,4
33,7,20,24,17,14
15,38,46,41,32,6
32,40,31,16,12,13
15,17,37,48,28,27
10,42,2,20,35,19
18,26,45,11,32,28
2,27,15,36,35,30
15,29,34,33,22,26
9,32,16,3,11,17
43,40,4,44,6,49
42,6,36,45,37,19
27,22,32,28,15,14
8,3,11,1,10,36
25,17,10,44,45,41
33,18,41,5,38,3
10,40,43,13,46,27
21,40,12,25,35,27
44,7,14,4,20,22
11,9,26,10,30,6
43,19,29,12,38,20
2,31,33,36,1,18
26,32,29,8,27,37
31,26,32,38,45,36
16,14,19,20,25,13
28,14,16,24,23,42
39,18,12,30,25,36
49,6,14,35,24,3
40,48,8,38,43,4
42,5,46,2,43,24
38,12,3,27,24,35
43,25,31,7,17,39
25,27,28,14,22,7
20,49,21,15,19,2
27,29,36,19,44,25
45,40,30,37,43,27
2,17,33,37,34,42
11,19,13,6,24,48
34,20,12,45,9,1
19,22,45,34,48,32
47,38,31,44,18,39
48,26,36,5,25,38
44,12,26,23,45,43
25,3,14,36,46,2
47,11,26,41,28,16
47,41,22,9,33,3
41,45,37,14,8,5
15,7,8,40,33,49
7,38,30,29,28,21
42,19,22,5,45,23
17,43,37,40,29,16
20,28,38,15,48,37
9,39,23,36,3,22
49,32,19,47,42,22
15,21,4,3,5,8
14,13,39,45,4,32
9,29,31,39,3,21
13,18,31,48,24,19
23,15,4,31,35,47
20,42,9,24,12,44
36,8,34,6,5,49
14,16,33,19,17,49
38,41,45,44,8,34
47,28,40,27,9,34
39,16,9,8,18,26
16,34,3,12,28,15
10,40,42,37,26,27
10,19,1,16,18,14
49,42,34,10,19,41
49,24,44,5,22,38
10,9,14,43,25,35
25,15,43,35,36,37
10,11,2,12,49,39
3,39,33,40,2,17
20,24,13,11,31,3
43,24,36,32,12,19
5,37,11,36,6,39
7,14,20,37,43,27
33,39,23,2,12,24
4,40,13,27,29,16
38,29,16,8,28,36
39,5,46,18,32,37
1,22,18,47,26,32
46,18,43,8,20,35
45,20,35,16,43,13
27,32,34,15,21,1
33,22,4,42,17,6
47,37,17,48,7,41
48,1,46,2,32,26
17,3,26,21,29,34
9,23,41,37,43,4
43,14,42,49,4,28
11,2,9,10,38,12
29,39,33,6,5,26
42,47,23,20,25,5
46,38,23,15,18,3
17,5,16,33,32,27
25,32,20,28,6,30
12,37,9,41,15,46
43,12,2,4,8,39
2,42,45,33,41,28
20,30,28,8,5,49
11,15,19,38,21,44
33,30,10,47,5,49
21,24,43,20,13,2
26,35,38,17,5,23
32,4,40,44,47,22
32,1,45,41,44,37
30,13,12,24,15,19
48,36,24,21,47,37
1,12,28,38,16,49
7,22,9,29,2,32
13,18,47,14,15,7
28,49,20,22,8,7
13,46,36,39,21,35
25,16,18,20,23,46
38,30,11,7,5,2
33,37,31,25,28,8
21,37,34,29,48,7
23,30,39,14,40,35
25,46,4,2,24,10
21,14,26,19,3,28
2,33,38,6,36,34
37,32,30,13,18,4
9,15,25,30,17,6
22,19,12,28,29,23
15,24,46,38,33,3
14,13,17,38,21,7
13,49,8,17,28,48
6,37,34,17,9,14
16,35,21,14,34,45
28,16,19,36,46,4
18,49,20,11,30,9
43,12,24,36,7,16
42,18,41,7,35,26
9,24,2,42,25,28
22,38,29,37,13,25
37,11,47,44,31,13
8,4,48,12,29,33
37,17,32,21,26,27
16,5,40,45,14,25
44,35,34,29,36,32
12,24,8,30,4,40
22,28,48,39,20,24
7,33,26,45,38,43
12,2,28,32,7,25
18,1,37,34,43,11
10,32,37,23,45,39
47,41,23,10,21,45
40,11,47,31,38,29
42,21,24,43,44,2
38,10,3,4,6,17
14,47,24,2,13,33
23,14,39,37,46,8
49,16,29,32,48,42
6,32,36,46,8,48
49,24,10,18,27,23
39,44,27,31,5,25
47,33,10,16,27,2
4,42,46,41,26,37
6,39,42,44,49,38
36,27,48,2,6,26
40,18,25,33,39,43
40,26,32,22,23,36
45,46,1,34,8,13
20,42,39,2,25,28
3,8,38,25,1,14
3,4,46,9,44,15
2,12,19,17,45,26
27,10,7,34,32,9
1,14,35,41,7,11
15,8,21,2,18,45
48,11,31,8,43,21
17,5,15,31,42,43
32,46,9,40,17,29
22,13,24,3,5,34
27,28,11,8,12,14
14,2,23,20,47,49
16,5,33,4,36,20
4,5,32,10,22,46
2,7,46,4,6,16
6,49,24,16,5,9
21,35,43,5,7,46
23,10,25,13,44,39
13,46,31,35,30,12
19,16,21,39,7,28
47,38,10,25,20,15
37,34,26,18,40,11
12,36,24,16,43,10
41,2,27,28,30,42
6,48,34,12,22,38
38,28,6,2,22,23
9,29,45,5,3,11
35,31,7,27,26,19
48,21,24,4,39,1
47,8,6,15,11,26
4,40,34,17,42,49
7,11,12,10,46,37
6,34,36,9,26,16
6,38,47,34,32,14
24,44,37,45,8,41
44,20,48,49,1,25
17,9,44,21,32,35
41,8,38,21,9,36
32,39,17,19,5,47
2,41,29,43,44,48
16,25,14,36,8,33
29,38,44,27,18,17
11,2,34,36,48,8
27,23,37,4,30,8
22,49,18,7,47,6
38,20,25,40,4,3
22,29,11,9,2,39
15,7,6,24,34,28
41,11,9,45,42,19
41,12,46,15,40,37
7,4,10,32,46,45
17,5,25,20,43,23
13,21,49,3,40,43
23,46,18,17,47,15
43,23,25,3,22,17
15,32,21,7,23,40
28,30,49,29,34,25
8,5,36,3,2,41
26,44,7,16,25,11
41,10,28,36,27,16
6,26,13,24,47,34
44,2,24,15,48,33
15,39,44,36,19,33
33,32,37,41,8,45
4,46,28,30,49,17
14,49,36,11,35,8
7,31,35,12,48,44
21,41,15,1,37,34
25,36,29,49,47,31
35,10,3,33,48,34
17,13,35,9,30,39
34,26,2,16,36,43
40,19,11,37,20,6
32,1,49,40,30,20
41,36,10,20,17,12
37,45,4,25,5,6
39,32,49,24,25,15
48,17,49,19,32,29
25,46,15,4,7,22
43,16,6,29,25,37
36,44,28,23,25,21
13,37,32,21,7,33
1,40,42,47,25,35
46,26,43,30,38,21
26,48,8,2,39,25
46,6,20,45,32,24
32,40,22,14,9,18
17,32,49,37,35,41
8,34,9,35,18,40
12,10,1,3,47,35
3,45,22,48,10,13
28,21,17,23,4,48
11,34,30,3,9,5
33,45,25,10,4,48
2,33,26,24,12,16
43,24,39,4,32,7
1,45,43,48,9,21
34,29,48,30,4,27
28,29,18,4,17,16
29,38,6,25,8,34
6,37,29,32,18,42
13,37,25,12,30,46
2,14,12,3,25,17
1,9,17,20,22,49
48,14,12,1,17,23
4,49,29,23,31,1
10,12,3,48,36,4
44,16,27,33,31,11
30,34,38,4,6,27
24,21,13,37,39,6
45,36,11,44,42,16
44,11,22,5,15,47
1,46,25,27,17,36
36,8,22,31,44,12
31,6,34,4,44,49
23,2,9,18,33,32
5,23,13,9,2,4
45,33,40,21,35,5
10,38,5,7,14,45
14,6,33,11,5,49
46,49,13,8,43,47
15,48,5,8,30,1
3,45,26,40,47,32
5,3,44,26,42,9
18,46,11,41,5,10
28,38,23,15,35,3
1,25,20,17,22,4
44,49,20,30,15,6
41,14,48,8,6,49
37,43,6,46,17,7
35,39,19,47,43,20
6,19,47,9,31,36
13,33,40,9,12,36
43,33,3,44,29,37
31,8,2,6,10,19
31,44,35,32,7,43
8,31,37,49,2,6
2,22,30,5,41,27
49,21,17,32,34,11
17,23,43,1,28,47
28,40,19,4,41,14
24,11,14,44,41,16
25,10,44,27,31,11
35,18,12,2,17,7
38,28,31,15,6,32
39,11,21,13,47,30
30,34,11,40,33,19
13,26,33,27,31,21
44,25,2,29,46,45
5,12,38,2,14,48
20,34,15,7,3,17
48,11,45,12,30,32
33,28,19,9,17,10
4,29,47,1,30,43
23,3,13,25,19,32
31,37,27,47,22,45
8,37,13,25,36,21
15,1,35,17,11,21
40,32,45,24,48,26
21,45,19,38,27,18
21,34,4,49,9,46
40,33,29,27,13,39
8,22,48,27,21,16
28,3,22,45,39,26
28,11,14,29,13,33
19,44,22,23,12,32
26,41,4,46,30,16
19,42,1,32,33,47
25,23,38,46,27,5
11,24,19,4,41,20
15,49,28,25,23,47
12,22,15,31,25,32
41,5,48,43,21,32
23,49,17,45,32,24
29,17,1,46,25,31
13,19,25,1,15,6
28,47,38,31,9,40
33,26,49,22,12,2
45,5,39,30,24,46
42,39,48,33,24,41
20,11,16,36,15,49
4,36,6,46,32,44
30,42,23,16,8,39
30,22,17,6,18,28
40,36,19,2,18,12
2,11,32,34,38,28
23,22,36,6,20,33
12,34,17,16,20,15
46,29,35,44,2,4
47,6,28,36,1,20
34,35,1,5,36,47
17,49,22,10,45,33
2,24,39,16,4,10
40,28,5,12,19,44
39,36,47,6,1,3
22,16,47,34,48,20
45,16,3,9,34,13
25,23,45,18,11,36
35,1,15,27,3,14
41,36,4,15,32,20
35,5,16,25,36,9
13,28,46,35,44,39
10,27,2,41,45,37
24,8,3,26,21,25
19,29,5,34,41,2
9,25,5,35,40,33
25,28,9,45,34,43
43,42,18,2,16,15
40,18,7,29,33,14
46,25,42,23,26,16
9,46,34,11,18,35
21,15,27,37,29,14
8,48,22,2,41,27
3,8,11,26,48,46
16,1,47,25,26,15
43,17,34,35,47,3
6,23,7,30,21,46
46,36,45,7,35,13
2,45,27,4,38,48
22,10,4,6,18,9
11,38,36,1,27,16
33,5,30,44,4,27
18,36,32,49,29,6
15,44,16,19,31,23
18,25,45,23,27,40
26,42,45,8,1,5
32,44,21,38,35,16
1,18,10,30,17,44
46,29,30,1,10,2
43,19,27,11,14,46
45,8,5,37,19,1
3,48,14,47,9,16
4,25,6,17,48,14
30,21,38,33,8,11
16,19,48,25,32,10
34,1,17,10,39,18
32,25,45,43,40,2
46,41,12,44,39,22
14,35,29,8,23,21
24,38,26,28,7,17
47,30,45,37,12,17
32,17,46,5,48,33
28,23,24,45,10,37
38,37,1,33,41,15
11,34,1,7,37,18
18,37,8,43,26,45
38,6,36,22,48,47
36,30,20,4,5,10
27,4,47,15,10,41
19,17,5,2,41,28
45,13,15,32,2,23
43,48,31,33,24,45
37,33,10,43,49,40
16,48,46,36,42,26
48,43,38,6,10,36
34,25,44,18,39,24
1,27,14,23,30,40
35,16,14,7,46,40
29,15,21,46,36,18
16,10,14,24,3,6
11,8,44,10,46,35
26,41,38,18,4,36
16,28,17,43,20,36
23,5,26,42,17,34
44,48,1,34,2,25
15,10,26,9,6,47
38,3,12,16,28,18
28,40,3,17,34,49
22,21,18,17,41,8
32,3,28,14,8,29
48,34,20,27,47,2
49,31,38,44,14,10
26,1,32,18,12,7
11,2,38,32,41,30
31,1,36,39,24,14
33,18,6,42,37,35
30,44,27,29,28,45
14,45,46,9,22,8
10,17,47,11,12,23
44,3,24,1,49,2
31,9,7,17,10,47
2,12,26,19,37,25
11,21,20,8,41,34
45,41,47,42,40,10
13,16,32,7,10,36
44,2,13,39,12,19
29,10,2,30,3,18
31,3,10,47,25,8
14,43,23,21,33,16
21,46,26,32,3,35
5,28,26,35,12,47
10,13,37,44,14,46
26,49,9,20,48,6
41,1,20,46,36,14
32,25,11,21,14,38
46,26,11,19,28,6
8,18,44,27,2,13
10,15,18,47,34,48
8,35,4,28,40,22
34,26,36,29,11,25
41,16,14,8,29,47
45,41,38,46,23,33
21,20,9,5,2,14
17,13,5,1,20,9
43,39,4,28,20,5
11,35,13,1,33,14
28,6,49,18,9,36
42,47,44,45,6,24
36,29,4,1,45,42
32,40,9,31,21,28
23,46,8,11,48,13
33,5,4,18,16,8
47,21,1,40,31,39
15,34,31,37,6,24
25,4,19,41,20,36
16,38,19,27,41,45
29,8,2,34,46,37
41,14,49,25,2,44
26,28,44,46,3,45
3,21,45,19,4,29
40,13,45,9,43,41
4,5,30,23,36,1
15,21,24,47,16,18
2,3,24,40,6,43
21,11,44,43,32,5
36,6,34,13,47,49
20,26,39,25,14,21
35,42,17,41,28,33
9,44,5,16,31,10
9,15,12,27,44,46
18,47,5,14,46,6
6,15,42,43,45,32
16,40,9,36,37,43
22,23,11,39,42,8
39,5,19,13,15,32
48,17,34,25,14,5
3,37,6,22,2,10
24,4,42,25,37,20
24,7,34,2,9,37
30,13,1,42,34,19
1,43,21,45,26,20
11,48,3,19,10,5
13,27,37,8,23,12
39,7,4,13,36,22
30,42,44,18,10,31
27,20,25,46,22,11
30,16,4,9,13,2
25,35,30,4,11,14
24,7,46,35,3,27
24,43,1,25,46,22
1,27,34,49,14,6
42,25,38,22,27,15
15,31,26,4,42,17
9,38,45,21,20,5
22,31,34,47,10,49
12,26,9,45,4,47
2,41,42,6,39,12
24,16,28,21,6,33
42,44,10,3,33,27
38,32,31,49,3,4
16,42,2,6,46,30
7,5,36,41,4,32
14,4,19,49,34,38
47,3,49,6,7,24
6,44,1,4,19,8
38,17,5,11,36,13
6,11,25,9,12,1
48,6,4,30,13,26
19,26,45,25,22,3
41,13,21,43,45,28
40,39,14,46,7,41
34,21,25,14,46,43
22,18,5,28,29,15
18,19,35,23,45,13
22,47,15,14,41,2
33,25,30,17,13,31
11,25,43,42,30,23
32,43,40,44,2,26
27,23,2,44,48,38
21,10,40,23,3,38
9,10,27,5,38,33
16,7,26,25,31,13
19,42,22,18,43,20
11,36,7,31,19,12
12,31,46,17,6,5
6,35,3,1,43,42
16,37,7,33,28,36
7,19,22,6,5,45
15,11,41,14,9,42
35,44,17,10,22,18
21,35,46,20,5,31
17,42,39,30,36,4
2,42,1,44,19,8
17,15,19,11,7,9
29,32,43,30,21,4
34,23,1,18,5,11
38,9,24,10,7,4
36,18,41,24,23,10
49,4,44,37,7,31
17,3,38,44,20,40
4,18,32,21,17,34
23,22,43,8,9,27
42,15,34,43,48,39
25,49,42,29,5,24
16,5,18,28,43,30
16,30,1,23,20,8
7,30,16,39,23,5
23,45,12,25,2,10
24,16,38,27,11,3
33,27,2,40,42,20
38,27,49,17,13,44
40,6,27,5,25,49
25,10,34,15,36,39
20,37,8,31,27,9
7,5,8,25,37,6
22,17,4,42,30,3
37,30,27,38,17,45
18,23,36,7,47,8
22,31,30,4,42,39
24,38,48,11,12,29
43,14,49,23,3,6
30,1,16,9,41,34
29,43,33,10,27,36
20,39,3,5,49,41
48,30,46,13,21,29
40,45,38,8,11,34
11,35,39,4,2,1
1,29,41,39,18,46
23,31,20,19,38,7
48,21,12,9,5,46
22,20,2,36,1,8
41,32,21,5,4,16
8,30,37,11,21,45
23,42,21,30,4,12
1,21,18,6,31,3
13,45,42,14,48,41
49,2,19,44,9,35
5,40,8,12,38,16
13,25,22,15,34,11
18,13,21,4,16,11
1,32,34,49,24,17
1,38,25,2,11,6
47,13,6,3,32,17
17,32,39,48,43,41
4,20,15,2,10,19
11,13,2,43,12,39
48,30,19,38,36,29
39,19,14,12,26,16
7,6,16,26,18,9
8,49,38,17,33,28
20,15,4,39,46,3
38,3,48,30,1,12
2,40,22,44,42,30
9,28,12,46,8,19
13,47,17,44,27,6
33,31,28,4,5,26
11,32,28,37,36,48
15,17,21,49,30,25
26,30,8,24,35,23
49,4,26,32,27,43
16,15,5,22,7,40
7,14,44,27,45,4
4,38,39,11,15,36
47,16,11,38,10,26
25,48,28,38,1,24
41,20,7,5,9,3
14,16,44,2,27,9
25,7,9,37,43,29
16,14,7,47,21,27
38,3,28,31,32,18
48,27,29,23,8,20
48,46,5,30,19,32
26,16,37,36,13,22
48,17,43,2,13,15
18,11,24,39,12,34
23,24,8,45,40,35
15,36,20,24,2,6
20,25,45,48,37,21
21,30,39,46,3,9
5,14,10,23,26,40
4,32,36,8,1,24
32,5,4,49,44,12
3,6,37,7,48,28
21,38,7,6,49,13
30,6,17,41,4,28
5,15,28,41,32,7
44,35,36,19,21,42
46,22,47,43,27,28
44,19,35,6,9,10
8,32,11,19,29,17
2,28,41,27,26,3
10,21,24,22,37,23
18,37,27,10,44,5
49,21,24,28,39,16
13,3,18,12,21,45
23,47,28,7,39,9
19,12,32,7,33,17
21,5,44,48,11,49
8,15,30,42,39,35
30,10,11,45,15,37
23,30,44,13,2,15
37,11,35,27,12,4
17,15,41,39,45,40
42,20,5,4,23,38
32,14,37,40,47,49
38,49,10,1,46,22
40,2,45,13,11,5
34,30,47,46,45,26
19,46,30,33,36,17
18,33,17,12,44,28
5,44,12,9,29,16
43,36,2,42,32,28
8,27,47,2,25,3
4,12,5,19,33,2
35,20,10,31,3,32
16,36,34,30,43,27
1,49,21,34,2,12
47,35,17,33,23,11
48,10,17,31,25,29
18,34,5,28,33,2
37,34,27,46,4,28
37,17,26,39,35,4
3,29,23,40,39,9
5,14,30,34,22,18
30,33,5,2,34,19
21,12,42,8,37,2
47,8,35,18,26,2
3,1,47,19,28,34
6,11,39,43,33,9
17,40,3,31,19,41
20,40,19,32,39,29
12,4,24,42,31,2
27,43,48,29,35,1
34,19,3,20,10,17
9,37,41,33,47,25
4,15,48,2,23,20
2,39,12,36,34,20
23,35,31,5,6,43
12,23,20,11,42,18
31,9,18,29,32,21
45,49,9,37,7,31
2,24,43,49,16,40
15,9,31,21,13,4
4,21,22,27,24,37
14,18,39,21,45,29
14,18,19,24,33,6
30,49,14,46,37,32
29,37,44,3,9,6
35,16,25,9,23,49
1,20,39,21,43,44
33,9,17,49,11,34
24,34,17,8,5,20
12,16,33,45,3,10
1,14,38,47,33,7
2,27,14,45,7,46
24,33,19,28,35,4
1,11,47,22,36,46
43,4,38,25,16,46
47,21,25,22,40,42
6,23,3,35,32,44
3,19,20,23,17,37
30,31,19,49,17,34
24,49,42,3,21,41
49,23,25,24,41,4
19,43,20,18,5,11
28,5,44,10,26,38
25,36,31,8,7,40
2,42,29,39,40,44
3,29,46,32,23,27
23,49,5,2,41,16
4,48,39,44,24,9
6,12,44,27,4,30
38,9,14,45,31,23
21,9,8,22,40,27
2,31,43,24,40,19
41,42,25,28,38,30
3,23,16,12,10,45
5,16,37,32,3,10
31,15,24,18,33,35
37,14,47,28,39,4
19,43,26,27,14,38
29,27,12,25,7,39
45,43,28,14,18,4
48,26,13,28,7,22
44,16,27,48,9,19
42,20,3,34,31,13
33,22,37,36,42,29
14,10,23,30,8,37
42,35,33,39,25,7
34,23,15,47,4,14
29,11,4,45,33,28
3,5,41,44,38,32
34,26,12,32,7,42
21,12,40,44,33,1
6,11,33,19,23,8
24,45,2,49,19,47
34,27,32,10,13,11
7,6,22,21,43,23
45,47,25,18,2,10
42,33,45,5,15,16
24,10,4,48,33,43
34,19,7,43,9,28
40,34,22,36,32,41
42,19,10,37,21,45
10,23,30,21,7,39
28,7,48,14,22,17
48,23,15,37,35,28
42,48,10,5,33,3
20,15,18,7,28,23
22,7,2,40,14,30
3,12,27,18,9,4
39,46,15,11,7,25
33,7,19,47,11,25
19,14,7,34,20,41
22,23,24,9,47,33
32,41,43,25,1,19
47,33,34,16,44,27
24,44,13,23,32,41
26,41,24,25,23,36
11,12,15,30,8,4
7,45,30,17,6,26
8,15,31,45,26,32
22,14,17,33,7,9
7,45,36,15,40,34
35,15,26,17,46,21
39,43,17,8,6,7
26,7,4,42,48,6
30,7,23,12,28,27
35,48,18,34,49,29
30,26,25,48,32,1
12,45,48,38,24,5
31,49,2,46,20,3
13,45,28,17,12,47
26,33,11,9,24,20
2,3,49,25,31,17
30,21,41,32,45,3
26,42,24,20,36,33
20,16,18,23,15,26
4,20,1,10,5,42
37,39,2,32,25,23
1,36,40,21,4,39
30,10,5,27,8,28
13,45,49,26,18,28
38,6,45,36,47,11
14,13,19,12,21,25
44,29,46,6,1,28
4,2,8,5,25,14
8,10,4,49,45,27
12,44,4,36,31,39
8,6,33,31,42,13
26,23,47,21,35,24
15,8,1,29,5,43
46,10,7,5,41,9
48,7,34,40,33,46
42,28,13,6,19,48
13,32,15,43,18,20
27,6,11,44,42,24
12,46,42,20,17,2
43,26,15,11,24,25
5,47,38,39,31,22
16,43,48,14,19,26
1,13,29,6,3,22
18,9,26,34,49,11
40,24,37,2,11,12
25,30,2,49,15,31
33,46,4,36,32,47
22,42,41,30,34,8
14,48,32,11,35,13
5,1,11,45,36,8
12,28,5,34,21,16
3,47,31,25,22,21
6,40,22,32,31,12
8,40,16,4,48,2
42,28,31,3,23,38
15,21,28,38,26,13
41,16,27,24,4,37
1,40,27,35,28,37
32,7,40,1,37,11
32,40,20,35,4,23
6,3,48,25,2,47
22,26,42,6,7,24
22,30,31,29,10,4
25,45,44,37,27,42
6,7,9,37,30,31
5,40,24,20,8,27
39,8,24,46,33,47
36,29,2,28,16,34
25,1,13,34,28,30
36,19,38,44,6,20
21,40,3,13,30,6
43,4,48,29,44,23
8,10,30,26,42,6
27,45,25,8,10,39
37,8,4,10,28,21
5,27,43,18,47,19
25,24,27,17,29,20
22,37,27,45,43,40
14,26,48,43,40,10
36,7,11,15,48,8
10,29,6,19,38,45
21,41,49,30,31,2
42,23,35,44,32,1
21,41,15,5,6,45
32,36,47,49,18,7
49,6,27,20,26,28
44,9,41,1,49,5
38,22,27,24,30,21
39,48,1,43,40,31
6,19,44,33,37,2
10,36,23,12,28,46
27,17,30,8,13,16
11,17,15,49,33,6
4,42,46,43,5,35
13,37,44,25,21,49
40,4,8,10,1,12
40,22,5,33,2,32
28,39,40,25,32,31
28,36,33,22,43,37
43,45,34,27,12,23
17,2,47,40,22,19
34,41,3,12,16,2
8,5,16,26,31,17
9,39,16,3,44,24
25,16,5,46,35,6
14,17,24,8,21,1
20,27,26,28,41,3
30,40,39,36,18,19
45,4,8,44,27,9
26,17,19,30,20,23
28,11,9,24,47,3
39,13,1,24,32,42
9,23,28,35,18,45
44,41,16,13,15,31
7,16,18,8,33,14
45,31,13,30,18,4
44,6,3,11,15,33
4,25,28,48,38,9
43,20,12,40,46,13
28,6,12,16,34,31
39,38,43,40,48,20
2,26,20,5,14,42
9,49,25,36,38,24
21,39,16,6,25,10
3,6,39,45,26,21
8,10,9,45,27,16
27,26,15,10,48,23
35,36,32,40,23,4
4,8,49,42,11,9
2,45,8,22,18,27
29,39,40,42,10,14
35,13,33,27,16,5
27,34,37,8,1,22
27,13,41,7,1,16
20,37,26,31,36,17
23,43,30,44,26,10
21,47,46,36,23,13
36,43,47,11,2,33
25,7,11,6,15,34
18,13,19,5,29,8
3,38,34,17,12,5
47,30,5,28,48,12
8,47,3,13,14,23
29,36,13,17,27,46
12,38,27,35,30,6
47,11,17,35,3,29
40,27,26,30,12,11
47,4,18,20,2,6
26,39,17,10,43,19
49,1,14,45,18,42
29,48,34,12,36,8
34,9,46,37,3,2
28,9,18,3,43,37
40,36,47,42,33,16
41,39,33,3,16,9
8,12,47,40,6,30
34,4,2,3,35,46
2,42,39,22,34,43
9,23,45,21,13,4
23,15,11,47,35,29
48,9,1,30,5,14
4,39,27,23,1,15
10,33,6,4,7,36
25,1,13,23,37,7
48,10,36,2,27,23
36,33,30,4,17,25
36,35,3,24,31,8
4,18,31,8,38,42
33,24,4,40,12,18
4,34,12,25,40,1
46,18,20,14,48,5
38,14,5,21,31,12
16,48,17,46,22,10
23,3,34,27,42,39
43,1,13,25,12,19
44,3,35,13,28,25
17,43,25,21,8,10
3,24,4,37,44,9
13,37,26,17,28,16
45,12,31,32,35,14
20,27,30,31,49,39
15,23,8,36,5,47
12,49,38,39,45,29
46,27,44,5,16,42
43,20,2,8,31,30
25,38,41,1,10,36
28,18,48,40,45,31
7,1,15,36,34,30
31,49,45,37,17,16
39,26,42,38,10,28
39,21,49,26,11,27
5,36,3,35,32,2
26,1,28,12,49,24
12,27,15,9,33,44
22,24,11,19,35,30
40,11,18,33,20,14
36,8,20,34,32,30
41,49,5,20,14,1
43,35,25,6,16,8
15,33,32,47,17,11
16,38,30,42,8,1
30,24,3,12,10,42
10,27,34,12,9,31
40,45,6,39,9,14
7,21,36,19,1,16
27,3,10,29,5,9
1,17,27,19,44,9
12,19,9,1,40,5
26,40,35,39,37,5
3,38,31,39,5,29
27,17,10,4,19,43
29,3,34,39,26,36
47,13,7,30,42,19
15,25,16,21,12,5
4,2,3,10,41,26
26,9,6,13,32,31
12,17,4,44,11,27
15,48,29,47,18,42
12,22,36,6,23,37
26,46,20,39,8,5
27,42,48,44,46,23
30,46,40,16,5,43
43,7,20,47,48,5
35,7,22,20,37,32
40,31,24,14,3,47
12,40,7,10,6,41
3,36,9,41,11,24
46,27,7,19,6,38
35,17,39,7,24,21
30,40,41,14,23,43
22,7,32,29,37,1
17,38,6,33,28,49
21,36,2,28,6,34
15,20,13,49,35,46
37,25,5,38,30,10
11,26,16,27,24,44
39,45,30,34,38,4
38,44,28,23,5,18
23,27,25,11,18,22
38,36,22,17,31,49
16,27,42,18,46,24
33,5,10,7,14,26
36,42,49,37,26,16
8,9,28,36,23,47
35,45,19,2,41,12
1,42,47,11,10,21
25,22,20,27,48,42
23,48,20,26,6,38
5,33,13,11,35,46
23,41,28,35,30,25
4,7,25,36,20,14
25,42,10,28,5,3
18,46,39,26,10,34
40,38,5,25,7,13
34,48,4,46,7,24
49,1,8,48,3,38
17,36,32,27,19,5
16,7,18,42,19,36
46,8,25,19,37,41
47,36,13,19,49,38
41,49,34,12,14,45
7,48,27,33,21,14
9,12,25,13,32,40
8,12,19,6,11,10
30,40,13,1,48,3
16,33,11,6,32,35
8,5,24,16,23,36
45,3,35,20,21,32
10,6,30,2,17,1
48,32,7,27,12,42
38,13,33,27,2,39
13,24,11,10,6,18
25,21,24,4,8,2
33,5,12,27,16,24
25,4,1,7,35,20
6,29,49,9,39,27
28,44,24,1,38,4
19,8,14,48,37,40
39,22,46,30,9,33
1,38,34,22,45,13
33,22,27,37,21,35
15,1,14,20,28,29
35,9,6,27,5,33
12,17,31,29,27,48
16,10,15,18,40,4
14,40,23,28,47,12
25,28,2,14,4,43
39,14,24,44,20,37
3,28,39,27,5,7
15,19,13,3,44,5
2,17,15,12,14,23
37,27,43,4,38,39
41,9,5,45,34,1
44,36,29,25,34,14
7,26,5,48,49,25
29,12,23,42,27,10
13,42,40,14,37,23
46,28,48,7,3,14
46,29,3,33,40,26
46,3,18,16,48,32
40,12,29,16,48,47
21,41,1,26,7,29
49,33,23,16,10,7
41,13,27,48,23,29
32,3,7,40,37,14
45,12,26,11,44,37
46,20,37,25,32,8
49,24,47,18,40,10
44,38,10,11,24,21
19,42,41,18,34,28
10,8,6,4,42,48
42,24,16,48,5,4
18,17,28,39,15,43
8,2,32,9,39,6
7,2,13,19,46,24
46,38,39,22,3,5
7,31,9,13,8,3
8,40,30,35,18,7
25,20,11,49,34,27
49,8,48,5,11,19
40,33,36,35,43,4
10,12,27,49,15,21
20,16,13,35,25,19
30,24,23,29,41,18
5,37,35,3,31,49
2,43,26,16,38,32
10,29,37,49,26,42
12,36,34,38,41,40
22,8,27,3,41,11
25,10,8,44,23,28
45,6,24,5,39,44
6,11,32,17,15,7
47,34,38,9,39,30
22,32,33,41,44,19
26,10,20,41,16,13
7,39,31,12,25,35
15,23,18,34,11,41
6,39,42,5,34,13
36,13,19,37,27,38
36,24,21,22,31,35
28,26,9,2,48,5
28,42,8,1,25,46
35,33,27,10,46,43
10,43,9,20,21,44
42,44,19,28,26,13
22,40,10,7,14,11
1,23,18,49,42,29
32,17,7,48,46,27
17,8,27,38,29,25
10,24,6,3,8,14
39,35,38,10,4,43
17,48,40,23,36,2
21,38,26,24,12,20
18,40,5,46,49,23
9,32,17,6,41,11
10,28,6,30,11,33
20,4,25,23,26,34
16,35,37,27,5,18
2,12,27,15,16,9
48,39,21,27,30,9
39,31,24,38,3,43
14,43,10,45,30,6
47,31,8,36,26,27
44,48,21,10,27,17
19,18,31,10,5,17
48,2,16,33,45,41
45,49,12,40,10,41
21,41,31,14,2,43
13,35,18,28,10,47
31,20,9,25,15,2
7,18,22,30,33,12
36,6,29,10,20,23
25,27,9,13,37,7
5,18,49,34,31,40
22,40,45,5,20,44
16,22,18,32,48,1
6,41,47,15,2,24
24,38,18,6,25,2
16,30,2,9,25,1
13,21,17,9,42,43
30,12,25,10,1,37
40,29,2,10,18,37
31,3,24,12,23,7
44,10,2,6,31,23
18,11,29,36,10,35
47,45,40,1,30,24
17,25,32,29,18,49
19,33,39,18,30,26
36,27,23,14,38,43
24,29,38,5,25,35
45,8,12,41,35,30
33,39,46,4,26,8
3,21,40,26,16,15
39,41,28,1,45,4
13,4,35,19,10,7
40,22,13,4,42,9
23,35,40,6,14,16
42,37,2,24,16,6
6,2,4,7,12,39
21,9,31,18,41,16
47,30,44,39,3,31
41,23,20,37,36,43
49,42,34,28,11,37
9,19,25,2,39,38
10,45,33,29,25,44
23,8,19,11,31,33
17,29,44,49,30,26
36,14,40,19,15,28
14,43,7,40,37,36
41,46,28,24,26,47
13,44,12,45,6,2
4,9,21,35,7,32
48,33,5,45,29,49
18,44,15,40,30,12
22,47,34,29,10,9
30,21,43,8,23,7
8,3,10,5,25,2
29,3,27,33,38,31
21,5,13,10,47,36
35,24,10,48,28,40
21,33,36,14,2,35
16,48,25,21,24,20
5,16,12,36,32,1
4,31,38,2,22,12
13,19,42,27,46,25
48,39,27,4,26,21
14,26,12,5,4,7
32,12,6,9,42,48
6,45,38,44,39,10
5,7,13,22,2,36
49,22,33,13,28,30
27,47,48,7,21,41
1,41,36,8,32,20
5,1,24,48,33,41
41,31,38,18,49,32
36,37,17,29,13,34
42,49,47,39,41,17
26,47,32,3,44,15
5,19,29,4,32,17
6,41,33,17,2,13
24,42,2,20,46,26
21,48,44,28,25,8
49,35,20,40,41,24
8,21,3,37,38,46
30,44,49,40,33,24
6,49,48,44,26,27
38,17,36,37,44,25
2,12,22,39,6,24
28,36,18,40,6,39
44,32,30,39,13,35
29,5,24,27,16,14
37,44,6,32,31,38
38,10,26,36,13,23
3,20,18,9,46,47
36,31,9,18,4,10
26,24,49,1,6,22
31,27,6,19,35,29
15,21,10,47,4,38
36,10,14,6,20,11
25,11,27,17,33,26
14,30,1,10,2,15
39,43,29,20,32,30
22,28,37,39,12,34
42,37,12,49,35,6
29,7,6,4,39,20
31,41,39,15,17,47
,,,,,
32,47,21,40,13,6
37,18,27,20,31,26
,,,,,
31,34,49,30,4,39
15,8,42,7,24,21
,,,,,
30,45,15,35,33,41
17,39,7,29,18,42
,,,,,
37,46,32,4,9,43
14,13,19,47,5,48
,,,,,
1,41,13,45,17,24
41,16,29,37,26,6
20,25,47,3,13,38
14,16,6,27,26,37
17,33,45,26,40,4
20,38,3,48,35,21
23,31,15,3,1,40
32,6,14,7,40,45
23,36,49,30,20,4
32,9,44,24,46,1
40,25,31,23,18,14
5,37,17,46,26,30
40,3,8,2,38,25
26,18,27,41,42,28
46,44,38,13,23,31
14,28,18,17,22,3
33,4,45,43,18,8
20,21,49,10,5,43
16,35,46,29,36,24
4,7,44,2,46,45
2,24,1,47,17,41
44,45,16,34,13,32
12,2,40,37,9,39
9,11,48,25,45,16
41,36,14,28,27,47
20,22,23,18,35,5
37,8,4,19,31,20
3,40,16,46,44,33
2,29,31,13,49,34
15,34,46,31,45,26
2,33,13,18,15,14
17,9,31,43,25,24
22,12,25,42,32,39
14,34,4,39,47,31
24,34,36,6,39,41
27,11,49,47,28,26
30,8,19,2,6,35
28,7,2,5,11,20
15,28,16,11,47,9
22,30,36,48,35,13
9,1,22,29,8,46
32,7,33,48,15,5
23,27,40,45,30,6
39,1,14,48,10,26
20,38,15,11,17,16
41,48,15,5,44,47
8,36,26,34,33,4
39,8,31,9,20,24
10,4,3,12,1,39
38,1,45,10,22,46
18,29,44,39,10,14
6,1,4,26,16,8
28,29,18,3,37,47
15,33,17,44,1,46
43,31,21,44,1,24
2,16,10,4,15,49
49,6,1,7,20,40
31,13,15,23,25,42
33,7,25,48,40,10
27,12,41,10,21,18
47,17,28,29,26,40
18,21,8,2,19,1
12,1,15,19,37,35
3,25,34,39,20,30
16,6,13,44,18,19
19,43,41,46,35,40
20,49,33,26,24,14
24,22,43,26,16,37
39,22,34,46,24,19
12,26,31,24,20,36
45,12,15,8,32,16
18,14,10,39,31,29
21,42,45,48,13,11
35,37,33,1,6,12
38,49,41,26,33,27
28,15,41,14,23,31
32,44,12,25,38,19
3,35,6,42,46,23
41,39,47,6,30,44
49,9,40,38,18,39
15,46,45,23,12,24
41,20,43,2,25,47
27,10,24,1,35,17
43,7,42,10,30,17
46,14,30,34,44,4
15,38,29,43,8,10
26,27,44,22,4,17
42,19,7,16,33,4
17,6,46,48,41,43
40,22,31,2,42,3
9,32,21,8,20,36
35,1,28,16,23,37
2,35,34,38,25,9
20,16,47,14,37,4
48,25,15,17,24,34
21,40,37,9,2,5
40,44,34,1,42,45
19,6,21,26,20,40
38,41,5,9,39,34
34,17,26,25,4,7
45,39,29,9,28,37
20,46,6,42,32,35
38,6,16,14,3,29
2,15,17,16,46,6
13,36,47,5,25,33
22,46,17,15,28,23
32,15,1,39,41,40
47,2,16,7,46,22
4,7,34,6,40,12
31,5,30,4,22,26
3,1,25,14,38,22
13,18,22,30,1,10
18,41,17,39,46,8
35,1,24,34,33,46
13,21,19,11,26,12
19,18,8,40,17,32
36,45,38,30,18,31
8,21,19,20,42,18
47,31,5,18,39,25
6,4,17,39,26,7
11,21,18,30,10,24
40,15,37,22,16,7
26,8,21,20,40,22
28,20,39,38,42,11
41,35,25,24,6,31
36,27,16,46,23,32
7,15,26,37,34,19
16,15,6,14,4,23
5,49,37,40,2,44
31,20,9,23,28,10
43,21,25,47,17,49
13,25,18,39,19,41
25,46,49,35,31,19
27,5,49,19,7,14
9,40,46,29,32,23
44,42,5,6,40,13
43,29,24,46,14,11
46,42,27,5,23,18
23,22,3,7,19,6
23,48,16,32,6,35
47,45,23,21,32,28
25,49,28,33,23,43
44,36,4,45,48,12
28,22,21,31,9,25
29,35,9,4,45,40
44,48,22,12,30,6
16,15,33,40,11,25
17,43,13,35,5,19
19,8,16,29,39,32
23,43,21,32,1,49
20,11,16,41,17,46
9,21,8,35,45,19
38,16,26,29,28,30
22,27,39,4,12,28
20,40,9,32,7,23
17,32,15,1,7,19
43,29,34,1,32,47
8,18,40,34,10,43
37,46,24,18,12,27
7,35,4,18,9,20
37,42,14,10,5,45
49,37,46,8,42,17
1,32,19,40,41,2
8,39,48,18,45,34
11,29,20,3,43,16
8,17,35,40,42,14
3,33,6,23,28,35
17,12,22,8,2,19
9,46,16,8,43,29
34,40,3,48,45,41
30,13,24,9,3,20
17,19,25,14,45,39
8,10,18,16,31,24
26,30,5,7,19,36
25,12,33,1,4,39
1,14,6,32,10,46
18,42,10,37,27,13
14,29,46,24,15,21
42,43,14,22,26,45
37,19,6,47,15,44
18,36,20,38,16,25
26,2,4,36,43,39
22,27,47,18,26,24
25,28,32,23,42,39
17,27,31,18,38,5
8,43,24,45,4,40
19,7,6,2,23,48
38,29,14,22,43,44
8,32,33,19,20,1
19,44,21,20,29,12
15,19,28,7,24,9
33,1,49,4,7,30
26,32,17,41,38,44
25,26,37,49,18,28
26,34,16,12,47,32
16,42,19,1,35,15
37,16,29,34,22,45
42,2,46,18,31,28
1,16,8,26,5,25
10,47,9,4,31,44
4,35,12,3,7,42
15,45,11,44,8,39
43,31,18,24,48,41
6,16,5,48,39,49
37,4,30,33,6,19
46,3,21,20,31,5
7,43,47,6,13,42
36,13,23,30,40,4
43,30,39,31,3,22
29,12,47,9,33,11
5,8,4,14,42,39
9,30,43,32,44,36
38,32,12,17,46,23
